Tickers,Title,Sector
A,"AGILENT TECHNOLOGIES, INC.",Healthcare
AA,Alcoa Corp,Basic Materials
AAAU,Goldman Sachs Physical Gold ETF,
AACB,Artius II Acquisition Inc.,Financial Services
AACG,ATA Creativity Global,Consumer Defensive
AACT,Ares Acquisition Corp II,Financial Services
AACT-UN,Ares Acquisition Corp II,Financial Services
AAGH,America Great Health,Healthcare
AAGR,African Agriculture Holdings Inc.,Consumer Defensive
AAL,American Airlines Group Inc.,Industrials
AAM,AA Mission Acquisition Corp.,Financial Services
AAM-UN,AA Mission Acquisition Corp.,Financial Services
AAMCF,Altisource Asset Management Corp,Financial Services
AAME,ATLANTIC AMERICAN CORP,Financial Services
AAMTF,Armada Mercantile Ltd,Financial Services
